url,result
http://httpbin.org/,"{'User-Agent': 'python-requests/2.19.1', 'Accept-Encoding': 'gzip, deflate', 'Accept': '*/*', 'Connection': 'keep-alive', 'Authorization': 'Basic dXNlcjp0ZXN0'}"
http://httpbin.org//foo/BAR,"{'User-Agent': 'python-requests/2.19.1', 'Accept-Encoding': 'gzip, deflate', 'Accept': '*/*', 'Connection': 'keep-alive', 'Authorization': 'Basic dXNlcjp0ZXN0'}"
http://httpbin.org/,"{'User-Agent': 'python-requests/2.19.1', 'Accept-Encoding': 'gzip, deflate', 'Accept': '*/*', 'Connection': 'keep-alive', 'Authorization': 'Basic dXNlcjp0ZXN0'}"
http://httpbin.org/,"{'User-Agent': 'python-requests/2.19.1', 'Accept-Encoding': 'gzip, deflate', 'Accept': '*/*', 'Connection': 'keep-alive', 'Authorization': 'Basic aGVsbG86d29ybGQ='}"
http://httpbin.org/,"{'User-Agent': 'python-requests/2.19.1', 'Accept-Encoding': 'gzip, deflate', 'Accept': '*/*', 'Connection': 'keep-alive', 'Authorization': 'Basic aGVsbG86ICA='}"
http://httpbin.org/5,"{'User-Agent': 'python-requests/2.19.1', 'Accept-Encoding': 'gzip, deflate', 'Accept': '*/*', 'Connection': 'keep-alive', 'Authorization': 'Basic dGVzdDp1c2Vycw=='}"
https://httpbin.org/get,"{'User-Agent': 'python-requests/2.19.1', 'Accept-Encoding': 'gzip, deflate', 'Accept': '*/*', 'Connection': 'keep-alive', 'Authorization': 'Basic dGVzdDp1c2Vycw=='}"
http://httpbin.org/,"{'User-Agent': 'python-requests/2.19.1', 'Accept-Encoding': 'gzip, deflate', 'Accept': '*/*', 'Connection': 'keep-alive', 'Authorization': 'Basic dGVzdDp1c2Vy'}"
http://httpbin.org/foo/BAR,"{'User-Agent': 'python-requests/2.19.1', 'Accept-Encoding': 'gzip, deflate', 'Accept': '*/*', 'Connection': 'keep-alive', 'Authorization': 'Basic dGVzdDp1c2Vy'}"
http://httpbin.org/,"{'User-Agent': 'python-requests/2.19.1', 'Accept-Encoding': 'gzip, deflate', 'Accept': '*/*', 'Connection': 'keep-alive', 'Authorization': 'Basic dGVzdDp1c2Vy'}"
http://httpbin.org/,"{'User-Agent': 'python-requests/2.19.1', 'Accept-Encoding': 'gzip, deflate', 'Accept': '*/*', 'Connection': 'keep-alive', 'Authorization': 'Basic aGVsbG86d29ybGQ='}"
http://httpbin.org/5,"{'User-Agent': 'python-requests/2.19.1', 'Accept-Encoding': 'gzip, deflate', 'Accept': '*/*', 'Connection': 'keep-alive', 'Authorization': 'Basic aGVsbG86ICA='}"
https://httpbin.org/get,"{'User-Agent': 'python-requests/2.19.1', 'Accept-Encoding': 'gzip, deflate', 'Accept': '*/*', 'Connection': 'keep-alive', 'Authorization': 'Basic aGVsbG86ICA='}"
http://www.google.com/,"{'User-Agent': 'python-requests/2.19.1', 'Accept-Encoding': 'gzip, deflate', 'Accept': '*/*', 'Connection': 'keep-alive'}"
http://google.com//foo/BAR,"{'User-Agent': 'python-requests/2.19.1', 'Accept-Encoding': 'gzip, deflate', 'Accept': '*/*', 'Connection': 'keep-alive'}"
http://www.google.com/,"{'User-Agent': 'python-requests/2.19.1', 'Accept-Encoding': 'gzip, deflate', 'Accept': '*/*', 'Connection': 'keep-alive'}"
http://www.google.com/,"{'User-Agent': 'python-requests/2.19.1', 'Accept-Encoding': 'gzip, deflate', 'Accept': '*/*', 'Connection': 'keep-alive'}"
http://www.google.com/,"{'User-Agent': 'python-requests/2.19.1', 'Accept-Encoding': 'gzip, deflate', 'Accept': '*/*', 'Connection': 'keep-alive'}"
http://google.com/5,"{'User-Agent': 'python-requests/2.19.1', 'Accept-Encoding': 'gzip, deflate', 'Accept': '*/*', 'Connection': 'keep-alive'}"
https://httpbin.org/get,"{'User-Agent': 'python-requests/2.19.1', 'Accept-Encoding': 'gzip, deflate', 'Accept': '*/*', 'Connection': 'keep-alive', 'Authorization': 'Basic dGVzdDp1c2Vycw=='}"
http://www.google.com/,"{'User-Agent': 'python-requests/2.19.1', 'Accept-Encoding': 'gzip, deflate', 'Accept': '*/*', 'Connection': 'keep-alive'}"
http://google.com/foo/BAR,"{'User-Agent': 'python-requests/2.19.1', 'Accept-Encoding': 'gzip, deflate', 'Accept': '*/*', 'Connection': 'keep-alive'}"
http://www.google.com/,"{'User-Agent': 'python-requests/2.19.1', 'Accept-Encoding': 'gzip, deflate', 'Accept': '*/*', 'Connection': 'keep-alive'}"
http://www.google.com/,"{'User-Agent': 'python-requests/2.19.1', 'Accept-Encoding': 'gzip, deflate', 'Accept': '*/*', 'Connection': 'keep-alive'}"
http://google.com/5,"{'User-Agent': 'python-requests/2.19.1', 'Accept-Encoding': 'gzip, deflate', 'Accept': '*/*', 'Connection': 'keep-alive'}"
https://httpbin.org/get,"{'User-Agent': 'python-requests/2.19.1', 'Accept-Encoding': 'gzip, deflate', 'Accept': '*/*', 'Connection': 'keep-alive', 'Authorization': 'Basic aGVsbG86ICA='}"
https://httpbin.org/foo,"{'User-Agent': 'python-requests/2.19.1', 'Accept-Encoding': 'gzip, deflate', 'Accept': '*/*', 'Connection': 'keep-alive', 'Authorization': 'Basic dXNlcjp0ZXN0'}"
https://httpbin.org/foo/foo/BAR,"{'User-Agent': 'python-requests/2.19.1', 'Accept-Encoding': 'gzip, deflate', 'Accept': '*/*', 'Connection': 'keep-alive', 'Authorization': 'Basic dXNlcjp0ZXN0'}"
https://httpbin.org/foo,"{'User-Agent': 'python-requests/2.19.1', 'Accept-Encoding': 'gzip, deflate', 'Accept': '*/*', 'Connection': 'keep-alive', 'Authorization': 'Basic dXNlcjp0ZXN0'}"
https://httpbin.org/foo,"{'User-Agent': 'python-requests/2.19.1', 'Accept-Encoding': 'gzip, deflate', 'Accept': '*/*', 'Connection': 'keep-alive', 'Authorization': 'Basic aGVsbG86d29ybGQ='}"
https://httpbin.org/foo,"{'User-Agent': 'python-requests/2.19.1', 'Accept-Encoding': 'gzip, deflate', 'Accept': '*/*', 'Connection': 'keep-alive', 'Authorization': 'Basic aGVsbG86ICA='}"
https://httpbin.org/foo5,"{'User-Agent': 'python-requests/2.19.1', 'Accept-Encoding': 'gzip, deflate', 'Accept': '*/*', 'Connection': 'keep-alive', 'Authorization': 'Basic dGVzdDp1c2Vycw=='}"
https://httpbin.org/get,"{'User-Agent': 'python-requests/2.19.1', 'Accept-Encoding': 'gzip, deflate', 'Accept': '*/*', 'Connection': 'keep-alive', 'Authorization': 'Basic dGVzdDp1c2Vycw=='}"
http://httpbin.org/foo,"{'User-Agent': 'python-requests/2.19.1', 'Accept-Encoding': 'gzip, deflate', 'Accept': '*/*', 'Connection': 'keep-alive', 'Authorization': 'Basic dGVzdDp1c2Vy'}"
http://httpbin.org/foofoo/BAR,"{'User-Agent': 'python-requests/2.19.1', 'Accept-Encoding': 'gzip, deflate', 'Accept': '*/*', 'Connection': 'keep-alive', 'Authorization': 'Basic dGVzdDp1c2Vy'}"
http://httpbin.org/foo,"{'User-Agent': 'python-requests/2.19.1', 'Accept-Encoding': 'gzip, deflate', 'Accept': '*/*', 'Connection': 'keep-alive', 'Authorization': 'Basic dGVzdDp1c2Vy'}"
http://httpbin.org/foo,"{'User-Agent': 'python-requests/2.19.1', 'Accept-Encoding': 'gzip, deflate', 'Accept': '*/*', 'Connection': 'keep-alive', 'Authorization': 'Basic aGVsbG86d29ybGQ='}"
https://httpbin.org/foo5,"{'User-Agent': 'python-requests/2.19.1', 'Accept-Encoding': 'gzip, deflate', 'Accept': '*/*', 'Connection': 'keep-alive', 'Authorization': 'Basic aGVsbG86ICA='}"
https://httpbin.org/get,"{'User-Agent': 'python-requests/2.19.1', 'Accept-Encoding': 'gzip, deflate', 'Accept': '*/*', 'Connection': 'keep-alive', 'Authorization': 'Basic aGVsbG86ICA='}"
http://httpbin.org/headers/,"{'User-Agent': 'python-requests/2.19.1', 'Accept-Encoding': 'gzip, deflate', 'Accept': '*/*', 'Connection': 'keep-alive', 'Authorization': 'Basic dXNlcjp0ZXN0'}"
http://httpbin.org/headers//foo/BAR,"{'User-Agent': 'python-requests/2.19.1', 'Accept-Encoding': 'gzip, deflate', 'Accept': '*/*', 'Connection': 'keep-alive', 'Authorization': 'Basic dXNlcjp0ZXN0'}"
http://httpbin.org/headers/,"{'User-Agent': 'python-requests/2.19.1', 'Accept-Encoding': 'gzip, deflate', 'Accept': '*/*', 'Connection': 'keep-alive', 'Authorization': 'Basic dXNlcjp0ZXN0'}"
http://httpbin.org/headers/,"{'User-Agent': 'python-requests/2.19.1', 'Accept-Encoding': 'gzip, deflate', 'Accept': '*/*', 'Connection': 'keep-alive', 'Authorization': 'Basic aGVsbG86d29ybGQ='}"
http://httpbin.org/headers/,"{'User-Agent': 'python-requests/2.19.1', 'Accept-Encoding': 'gzip, deflate', 'Accept': '*/*', 'Connection': 'keep-alive', 'Authorization': 'Basic aGVsbG86ICA='}"
http://httpbin.org/headers/5,"{'User-Agent': 'python-requests/2.19.1', 'Accept-Encoding': 'gzip, deflate', 'Accept': '*/*', 'Connection': 'keep-alive', 'Authorization': 'Basic dGVzdDp1c2Vycw=='}"
https://httpbin.org/get,"{'User-Agent': 'python-requests/2.19.1', 'Accept-Encoding': 'gzip, deflate', 'Accept': '*/*', 'Connection': 'keep-alive', 'Authorization': 'Basic dGVzdDp1c2Vycw=='}"
http://httpbin.org/headers/,"{'User-Agent': 'python-requests/2.19.1', 'Accept-Encoding': 'gzip, deflate', 'Accept': '*/*', 'Connection': 'keep-alive', 'Authorization': 'Basic dGVzdDp1c2Vy'}"
http://httpbin.org/headers/foo/BAR,"{'User-Agent': 'python-requests/2.19.1', 'Accept-Encoding': 'gzip, deflate', 'Accept': '*/*', 'Connection': 'keep-alive', 'Authorization': 'Basic dGVzdDp1c2Vy'}"
http://httpbin.org/headers/,"{'User-Agent': 'python-requests/2.19.1', 'Accept-Encoding': 'gzip, deflate', 'Accept': '*/*', 'Connection': 'keep-alive', 'Authorization': 'Basic dGVzdDp1c2Vy'}"
http://httpbin.org/headers/,"{'User-Agent': 'python-requests/2.19.1', 'Accept-Encoding': 'gzip, deflate', 'Accept': '*/*', 'Connection': 'keep-alive', 'Authorization': 'Basic aGVsbG86d29ybGQ='}"
http://httpbin.org/headers/5,"{'User-Agent': 'python-requests/2.19.1', 'Accept-Encoding': 'gzip, deflate', 'Accept': '*/*', 'Connection': 'keep-alive', 'Authorization': 'Basic aGVsbG86ICA='}"
https://httpbin.org/get,"{'User-Agent': 'python-requests/2.19.1', 'Accept-Encoding': 'gzip, deflate', 'Accept': '*/*', 'Connection': 'keep-alive', 'Authorization': 'Basic aGVsbG86ICA='}"
http://httpbin.org/get/,"{'User-Agent': 'python-requests/2.19.1', 'Accept-Encoding': 'gzip, deflate', 'Accept': '*/*', 'Connection': 'keep-alive', 'Authorization': 'Basic dXNlcjp0ZXN0'}"
http://httpbin.org/get//foo/BAR,"{'User-Agent': 'python-requests/2.19.1', 'Accept-Encoding': 'gzip, deflate', 'Accept': '*/*', 'Connection': 'keep-alive', 'Authorization': 'Basic dXNlcjp0ZXN0'}"
http://httpbin.org/get/,"{'User-Agent': 'python-requests/2.19.1', 'Accept-Encoding': 'gzip, deflate', 'Accept': '*/*', 'Connection': 'keep-alive', 'Authorization': 'Basic dXNlcjp0ZXN0'}"
http://httpbin.org/get/,"{'User-Agent': 'python-requests/2.19.1', 'Accept-Encoding': 'gzip, deflate', 'Accept': '*/*', 'Connection': 'keep-alive', 'Authorization': 'Basic aGVsbG86d29ybGQ='}"
http://httpbin.org/get/,"{'User-Agent': 'python-requests/2.19.1', 'Accept-Encoding': 'gzip, deflate', 'Accept': '*/*', 'Connection': 'keep-alive', 'Authorization': 'Basic aGVsbG86ICA='}"
http://httpbin.org/get/5,"{'User-Agent': 'python-requests/2.19.1', 'Accept-Encoding': 'gzip, deflate', 'Accept': '*/*', 'Connection': 'keep-alive', 'Authorization': 'Basic dGVzdDp1c2Vycw=='}"
https://httpbin.org/get,"{'User-Agent': 'python-requests/2.19.1', 'Accept-Encoding': 'gzip, deflate', 'Accept': '*/*', 'Connection': 'keep-alive', 'Authorization': 'Basic dGVzdDp1c2Vycw=='}"
http://httpbin.org/get/,"{'User-Agent': 'python-requests/2.19.1', 'Accept-Encoding': 'gzip, deflate', 'Accept': '*/*', 'Connection': 'keep-alive', 'Authorization': 'Basic dGVzdDp1c2Vy'}"
http://httpbin.org/get/foo/BAR,"{'User-Agent': 'python-requests/2.19.1', 'Accept-Encoding': 'gzip, deflate', 'Accept': '*/*', 'Connection': 'keep-alive', 'Authorization': 'Basic dGVzdDp1c2Vy'}"
http://httpbin.org/get/,"{'User-Agent': 'python-requests/2.19.1', 'Accept-Encoding': 'gzip, deflate', 'Accept': '*/*', 'Connection': 'keep-alive', 'Authorization': 'Basic dGVzdDp1c2Vy'}"
http://httpbin.org/get/,"{'User-Agent': 'python-requests/2.19.1', 'Accept-Encoding': 'gzip, deflate', 'Accept': '*/*', 'Connection': 'keep-alive', 'Authorization': 'Basic aGVsbG86d29ybGQ='}"
http://httpbin.org/get/5,"{'User-Agent': 'python-requests/2.19.1', 'Accept-Encoding': 'gzip, deflate', 'Accept': '*/*', 'Connection': 'keep-alive', 'Authorization': 'Basic aGVsbG86ICA='}"
https://httpbin.org/get,"{'User-Agent': 'python-requests/2.19.1', 'Accept-Encoding': 'gzip, deflate', 'Accept': '*/*', 'Connection': 'keep-alive', 'Authorization': 'Basic aGVsbG86ICA='}"
http://httpbin.org/ip/,"{'User-Agent': 'python-requests/2.19.1', 'Accept-Encoding': 'gzip, deflate', 'Accept': '*/*', 'Connection': 'keep-alive', 'Authorization': 'Basic dXNlcjp0ZXN0'}"
http://httpbin.org/ip//foo/BAR,"{'User-Agent': 'python-requests/2.19.1', 'Accept-Encoding': 'gzip, deflate', 'Accept': '*/*', 'Connection': 'keep-alive', 'Authorization': 'Basic dXNlcjp0ZXN0'}"
http://httpbin.org/ip/,"{'User-Agent': 'python-requests/2.19.1', 'Accept-Encoding': 'gzip, deflate', 'Accept': '*/*', 'Connection': 'keep-alive', 'Authorization': 'Basic dXNlcjp0ZXN0'}"
http://httpbin.org/ip/,"{'User-Agent': 'python-requests/2.19.1', 'Accept-Encoding': 'gzip, deflate', 'Accept': '*/*', 'Connection': 'keep-alive', 'Authorization': 'Basic aGVsbG86d29ybGQ='}"
http://httpbin.org/ip/,"{'User-Agent': 'python-requests/2.19.1', 'Accept-Encoding': 'gzip, deflate', 'Accept': '*/*', 'Connection': 'keep-alive', 'Authorization': 'Basic aGVsbG86ICA='}"
http://httpbin.org/ip/5,"{'User-Agent': 'python-requests/2.19.1', 'Accept-Encoding': 'gzip, deflate', 'Accept': '*/*', 'Connection': 'keep-alive', 'Authorization': 'Basic dGVzdDp1c2Vycw=='}"
https://httpbin.org/get,"{'User-Agent': 'python-requests/2.19.1', 'Accept-Encoding': 'gzip, deflate', 'Accept': '*/*', 'Connection': 'keep-alive', 'Authorization': 'Basic dGVzdDp1c2Vycw=='}"
http://httpbin.org/ip/,"{'User-Agent': 'python-requests/2.19.1', 'Accept-Encoding': 'gzip, deflate', 'Accept': '*/*', 'Connection': 'keep-alive', 'Authorization': 'Basic dGVzdDp1c2Vy'}"
http://httpbin.org/ip/foo/BAR,"{'User-Agent': 'python-requests/2.19.1', 'Accept-Encoding': 'gzip, deflate', 'Accept': '*/*', 'Connection': 'keep-alive', 'Authorization': 'Basic dGVzdDp1c2Vy'}"
http://httpbin.org/ip/,"{'User-Agent': 'python-requests/2.19.1', 'Accept-Encoding': 'gzip, deflate', 'Accept': '*/*', 'Connection': 'keep-alive', 'Authorization': 'Basic dGVzdDp1c2Vy'}"
http://httpbin.org/ip/,"{'User-Agent': 'python-requests/2.19.1', 'Accept-Encoding': 'gzip, deflate', 'Accept': '*/*', 'Connection': 'keep-alive', 'Authorization': 'Basic aGVsbG86d29ybGQ='}"
http://httpbin.org/ip/5,"{'User-Agent': 'python-requests/2.19.1', 'Accept-Encoding': 'gzip, deflate', 'Accept': '*/*', 'Connection': 'keep-alive', 'Authorization': 'Basic aGVsbG86ICA='}"
https://httpbin.org/get,"{'User-Agent': 'python-requests/2.19.1', 'Accept-Encoding': 'gzip, deflate', 'Accept': '*/*', 'Connection': 'keep-alive', 'Authorization': 'Basic aGVsbG86ICA='}"
http://httpbin.org/cookies/,"{'User-Agent': 'python-requests/2.19.1', 'Accept-Encoding': 'gzip, deflate', 'Accept': '*/*', 'Connection': 'keep-alive', 'Authorization': 'Basic dXNlcjp0ZXN0'}"
http://httpbin.org/cookies//foo/BAR,"{'User-Agent': 'python-requests/2.19.1', 'Accept-Encoding': 'gzip, deflate', 'Accept': '*/*', 'Connection': 'keep-alive', 'Authorization': 'Basic dXNlcjp0ZXN0'}"
http://httpbin.org/cookies/,"{'User-Agent': 'python-requests/2.19.1', 'Accept-Encoding': 'gzip, deflate', 'Accept': '*/*', 'Connection': 'keep-alive', 'Authorization': 'Basic dXNlcjp0ZXN0'}"
http://httpbin.org/cookies/,"{'User-Agent': 'python-requests/2.19.1', 'Accept-Encoding': 'gzip, deflate', 'Accept': '*/*', 'Connection': 'keep-alive', 'Authorization': 'Basic aGVsbG86d29ybGQ='}"
http://httpbin.org/cookies/,"{'User-Agent': 'python-requests/2.19.1', 'Accept-Encoding': 'gzip, deflate', 'Accept': '*/*', 'Connection': 'keep-alive', 'Authorization': 'Basic aGVsbG86ICA='}"
http://httpbin.org/cookies/5,"{'User-Agent': 'python-requests/2.19.1', 'Accept-Encoding': 'gzip, deflate', 'Accept': '*/*', 'Connection': 'keep-alive', 'Authorization': 'Basic dGVzdDp1c2Vycw=='}"
https://httpbin.org/get,"{'User-Agent': 'python-requests/2.19.1', 'Accept-Encoding': 'gzip, deflate', 'Accept': '*/*', 'Connection': 'keep-alive', 'Authorization': 'Basic dGVzdDp1c2Vycw=='}"
http://httpbin.org/cookies/,"{'User-Agent': 'python-requests/2.19.1', 'Accept-Encoding': 'gzip, deflate', 'Accept': '*/*', 'Connection': 'keep-alive', 'Authorization': 'Basic dGVzdDp1c2Vy'}"
http://httpbin.org/cookies/foo/BAR,"{'User-Agent': 'python-requests/2.19.1', 'Accept-Encoding': 'gzip, deflate', 'Accept': '*/*', 'Connection': 'keep-alive', 'Authorization': 'Basic dGVzdDp1c2Vy'}"
http://httpbin.org/cookies/,"{'User-Agent': 'python-requests/2.19.1', 'Accept-Encoding': 'gzip, deflate', 'Accept': '*/*', 'Connection': 'keep-alive', 'Authorization': 'Basic dGVzdDp1c2Vy'}"
http://httpbin.org/cookies/,"{'User-Agent': 'python-requests/2.19.1', 'Accept-Encoding': 'gzip, deflate', 'Accept': '*/*', 'Connection': 'keep-alive', 'Authorization': 'Basic aGVsbG86d29ybGQ='}"
http://httpbin.org/cookies/5,"{'User-Agent': 'python-requests/2.19.1', 'Accept-Encoding': 'gzip, deflate', 'Accept': '*/*', 'Connection': 'keep-alive', 'Authorization': 'Basic aGVsbG86ICA='}"
https://httpbin.org/get,"{'User-Agent': 'python-requests/2.19.1', 'Accept-Encoding': 'gzip, deflate', 'Accept': '*/*', 'Connection': 'keep-alive', 'Authorization': 'Basic aGVsbG86ICA='}"
http://httpbin.org/basic-auth/test/user/,"{'User-Agent': 'python-requests/2.19.1', 'Accept-Encoding': 'gzip, deflate', 'Accept': '*/*', 'Connection': 'keep-alive', 'Authorization': 'Basic dXNlcjp0ZXN0'}"
http://httpbin.org/basic-auth/test/user//foo/BAR,"{'User-Agent': 'python-requests/2.19.1', 'Accept-Encoding': 'gzip, deflate', 'Accept': '*/*', 'Connection': 'keep-alive', 'Authorization': 'Basic dXNlcjp0ZXN0'}"
http://httpbin.org/basic-auth/test/user/,"{'User-Agent': 'python-requests/2.19.1', 'Accept-Encoding': 'gzip, deflate', 'Accept': '*/*', 'Connection': 'keep-alive', 'Authorization': 'Basic dXNlcjp0ZXN0'}"
http://httpbin.org/basic-auth/test/user/,"{'User-Agent': 'python-requests/2.19.1', 'Accept-Encoding': 'gzip, deflate', 'Accept': '*/*', 'Connection': 'keep-alive', 'Authorization': 'Basic aGVsbG86d29ybGQ='}"
http://httpbin.org/basic-auth/test/user/,"{'User-Agent': 'python-requests/2.19.1', 'Accept-Encoding': 'gzip, deflate', 'Accept': '*/*', 'Connection': 'keep-alive', 'Authorization': 'Basic aGVsbG86ICA='}"
http://httpbin.org/basic-auth/test/user/5,"{'User-Agent': 'python-requests/2.19.1', 'Accept-Encoding': 'gzip, deflate', 'Accept': '*/*', 'Connection': 'keep-alive', 'Authorization': 'Basic dGVzdDp1c2Vycw=='}"
https://httpbin.org/get,"{'User-Agent': 'python-requests/2.19.1', 'Accept-Encoding': 'gzip, deflate', 'Accept': '*/*', 'Connection': 'keep-alive', 'Authorization': 'Basic dGVzdDp1c2Vycw=='}"
http://httpbin.org/basic-auth/test/user/,"{'User-Agent': 'python-requests/2.19.1', 'Accept-Encoding': 'gzip, deflate', 'Accept': '*/*', 'Connection': 'keep-alive', 'Authorization': 'Basic dGVzdDp1c2Vy'}"
http://httpbin.org/basic-auth/test/user/foo/BAR,"{'User-Agent': 'python-requests/2.19.1', 'Accept-Encoding': 'gzip, deflate', 'Accept': '*/*', 'Connection': 'keep-alive', 'Authorization': 'Basic dGVzdDp1c2Vy'}"
http://httpbin.org/basic-auth/test/user/,"{'User-Agent': 'python-requests/2.19.1', 'Accept-Encoding': 'gzip, deflate', 'Accept': '*/*', 'Connection': 'keep-alive', 'Authorization': 'Basic dGVzdDp1c2Vy'}"
http://httpbin.org/basic-auth/test/user/,"{'User-Agent': 'python-requests/2.19.1', 'Accept-Encoding': 'gzip, deflate', 'Accept': '*/*', 'Connection': 'keep-alive', 'Authorization': 'Basic aGVsbG86d29ybGQ='}"
http://httpbin.org/basic-auth/test/user/5,"{'User-Agent': 'python-requests/2.19.1', 'Accept-Encoding': 'gzip, deflate', 'Accept': '*/*', 'Connection': 'keep-alive', 'Authorization': 'Basic aGVsbG86ICA='}"
https://httpbin.org/get,"{'User-Agent': 'python-requests/2.19.1', 'Accept-Encoding': 'gzip, deflate', 'Accept': '*/*', 'Connection': 'keep-alive', 'Authorization': 'Basic aGVsbG86ICA='}"
http://httpbin.org/html/,"{'User-Agent': 'python-requests/2.19.1', 'Accept-Encoding': 'gzip, deflate', 'Accept': '*/*', 'Connection': 'keep-alive', 'Authorization': 'Basic dXNlcjp0ZXN0'}"
http://httpbin.org/html//foo/BAR,"{'User-Agent': 'python-requests/2.19.1', 'Accept-Encoding': 'gzip, deflate', 'Accept': '*/*', 'Connection': 'keep-alive', 'Authorization': 'Basic dXNlcjp0ZXN0'}"
http://httpbin.org/html/,"{'User-Agent': 'python-requests/2.19.1', 'Accept-Encoding': 'gzip, deflate', 'Accept': '*/*', 'Connection': 'keep-alive', 'Authorization': 'Basic dXNlcjp0ZXN0'}"
http://httpbin.org/html/,"{'User-Agent': 'python-requests/2.19.1', 'Accept-Encoding': 'gzip, deflate', 'Accept': '*/*', 'Connection': 'keep-alive', 'Authorization': 'Basic aGVsbG86d29ybGQ='}"
http://httpbin.org/html/,"{'User-Agent': 'python-requests/2.19.1', 'Accept-Encoding': 'gzip, deflate', 'Accept': '*/*', 'Connection': 'keep-alive', 'Authorization': 'Basic aGVsbG86ICA='}"
http://httpbin.org/html/5,"{'User-Agent': 'python-requests/2.19.1', 'Accept-Encoding': 'gzip, deflate', 'Accept': '*/*', 'Connection': 'keep-alive', 'Authorization': 'Basic dGVzdDp1c2Vycw=='}"
https://httpbin.org/get,"{'User-Agent': 'python-requests/2.19.1', 'Accept-Encoding': 'gzip, deflate', 'Accept': '*/*', 'Connection': 'keep-alive', 'Authorization': 'Basic dGVzdDp1c2Vycw=='}"
http://httpbin.org/html/,"{'User-Agent': 'python-requests/2.19.1', 'Accept-Encoding': 'gzip, deflate', 'Accept': '*/*', 'Connection': 'keep-alive', 'Authorization': 'Basic dGVzdDp1c2Vy'}"
http://httpbin.org/html/foo/BAR,"{'User-Agent': 'python-requests/2.19.1', 'Accept-Encoding': 'gzip, deflate', 'Accept': '*/*', 'Connection': 'keep-alive', 'Authorization': 'Basic dGVzdDp1c2Vy'}"
http://httpbin.org/html/,"{'User-Agent': 'python-requests/2.19.1', 'Accept-Encoding': 'gzip, deflate', 'Accept': '*/*', 'Connection': 'keep-alive', 'Authorization': 'Basic dGVzdDp1c2Vy'}"
http://httpbin.org/html/,"{'User-Agent': 'python-requests/2.19.1', 'Accept-Encoding': 'gzip, deflate', 'Accept': '*/*', 'Connection': 'keep-alive', 'Authorization': 'Basic aGVsbG86d29ybGQ='}"
http://httpbin.org/html/5,"{'User-Agent': 'python-requests/2.19.1', 'Accept-Encoding': 'gzip, deflate', 'Accept': '*/*', 'Connection': 'keep-alive', 'Authorization': 'Basic aGVsbG86ICA='}"
https://httpbin.org/get,"{'User-Agent': 'python-requests/2.19.1', 'Accept-Encoding': 'gzip, deflate', 'Accept': '*/*', 'Connection': 'keep-alive', 'Authorization': 'Basic aGVsbG86ICA='}"
http://httpbin.org/xml/,"{'User-Agent': 'python-requests/2.19.1', 'Accept-Encoding': 'gzip, deflate', 'Accept': '*/*', 'Connection': 'keep-alive', 'Authorization': 'Basic dXNlcjp0ZXN0'}"
http://httpbin.org/xml//foo/BAR,"{'User-Agent': 'python-requests/2.19.1', 'Accept-Encoding': 'gzip, deflate', 'Accept': '*/*', 'Connection': 'keep-alive', 'Authorization': 'Basic dXNlcjp0ZXN0'}"
http://httpbin.org/xml/,"{'User-Agent': 'python-requests/2.19.1', 'Accept-Encoding': 'gzip, deflate', 'Accept': '*/*', 'Connection': 'keep-alive', 'Authorization': 'Basic dXNlcjp0ZXN0'}"
http://httpbin.org/xml/,"{'User-Agent': 'python-requests/2.19.1', 'Accept-Encoding': 'gzip, deflate', 'Accept': '*/*', 'Connection': 'keep-alive', 'Authorization': 'Basic aGVsbG86d29ybGQ='}"
http://httpbin.org/xml/,"{'User-Agent': 'python-requests/2.19.1', 'Accept-Encoding': 'gzip, deflate', 'Accept': '*/*', 'Connection': 'keep-alive', 'Authorization': 'Basic aGVsbG86ICA='}"
http://httpbin.org/xml/5,"{'User-Agent': 'python-requests/2.19.1', 'Accept-Encoding': 'gzip, deflate', 'Accept': '*/*', 'Connection': 'keep-alive', 'Authorization': 'Basic dGVzdDp1c2Vycw=='}"
https://httpbin.org/get,"{'User-Agent': 'python-requests/2.19.1', 'Accept-Encoding': 'gzip, deflate', 'Accept': '*/*', 'Connection': 'keep-alive', 'Authorization': 'Basic dGVzdDp1c2Vycw=='}"
http://httpbin.org/xml/,"{'User-Agent': 'python-requests/2.19.1', 'Accept-Encoding': 'gzip, deflate', 'Accept': '*/*', 'Connection': 'keep-alive', 'Authorization': 'Basic dGVzdDp1c2Vy'}"
http://httpbin.org/xml/foo/BAR,"{'User-Agent': 'python-requests/2.19.1', 'Accept-Encoding': 'gzip, deflate', 'Accept': '*/*', 'Connection': 'keep-alive', 'Authorization': 'Basic dGVzdDp1c2Vy'}"
http://httpbin.org/xml/,"{'User-Agent': 'python-requests/2.19.1', 'Accept-Encoding': 'gzip, deflate', 'Accept': '*/*', 'Connection': 'keep-alive', 'Authorization': 'Basic dGVzdDp1c2Vy'}"
http://httpbin.org/xml/,"{'User-Agent': 'python-requests/2.19.1', 'Accept-Encoding': 'gzip, deflate', 'Accept': '*/*', 'Connection': 'keep-alive', 'Authorization': 'Basic aGVsbG86d29ybGQ='}"
http://httpbin.org/xml/5,"{'User-Agent': 'python-requests/2.19.1', 'Accept-Encoding': 'gzip, deflate', 'Accept': '*/*', 'Connection': 'keep-alive', 'Authorization': 'Basic aGVsbG86ICA='}"
https://httpbin.org/get,"{'User-Agent': 'python-requests/2.19.1', 'Accept-Encoding': 'gzip, deflate', 'Accept': '*/*', 'Connection': 'keep-alive', 'Authorization': 'Basic aGVsbG86ICA='}"
http://httpbin.org/cache/,"{'User-Agent': 'python-requests/2.19.1', 'Accept-Encoding': 'gzip, deflate', 'Accept': '*/*', 'Connection': 'keep-alive', 'Authorization': 'Basic dXNlcjp0ZXN0'}"
http://httpbin.org/cache//foo/BAR,"{'User-Agent': 'python-requests/2.19.1', 'Accept-Encoding': 'gzip, deflate', 'Accept': '*/*', 'Connection': 'keep-alive', 'Authorization': 'Basic dXNlcjp0ZXN0'}"
http://httpbin.org/cache/,"{'User-Agent': 'python-requests/2.19.1', 'Accept-Encoding': 'gzip, deflate', 'Accept': '*/*', 'Connection': 'keep-alive', 'Authorization': 'Basic dXNlcjp0ZXN0'}"
http://httpbin.org/cache/,"{'User-Agent': 'python-requests/2.19.1', 'Accept-Encoding': 'gzip, deflate', 'Accept': '*/*', 'Connection': 'keep-alive', 'Authorization': 'Basic aGVsbG86d29ybGQ='}"
http://httpbin.org/cache/,"{'User-Agent': 'python-requests/2.19.1', 'Accept-Encoding': 'gzip, deflate', 'Accept': '*/*', 'Connection': 'keep-alive', 'Authorization': 'Basic aGVsbG86ICA='}"
http://httpbin.org/cache/5,"{'User-Agent': 'python-requests/2.19.1', 'Accept-Encoding': 'gzip, deflate', 'Accept': '*/*', 'Connection': 'keep-alive', 'Authorization': 'Basic dGVzdDp1c2Vycw=='}"
https://httpbin.org/get,"{'User-Agent': 'python-requests/2.19.1', 'Accept-Encoding': 'gzip, deflate', 'Accept': '*/*', 'Connection': 'keep-alive', 'Authorization': 'Basic dGVzdDp1c2Vycw=='}"
http://httpbin.org/cache/,"{'User-Agent': 'python-requests/2.19.1', 'Accept-Encoding': 'gzip, deflate', 'Accept': '*/*', 'Connection': 'keep-alive', 'Authorization': 'Basic dGVzdDp1c2Vy'}"
http://httpbin.org/cache/foo/BAR,"{'User-Agent': 'python-requests/2.19.1', 'Accept-Encoding': 'gzip, deflate', 'Accept': '*/*', 'Connection': 'keep-alive', 'Authorization': 'Basic dGVzdDp1c2Vy'}"
http://httpbin.org/cache/,"{'User-Agent': 'python-requests/2.19.1', 'Accept-Encoding': 'gzip, deflate', 'Accept': '*/*', 'Connection': 'keep-alive', 'Authorization': 'Basic dGVzdDp1c2Vy'}"
http://httpbin.org/cache/,"{'User-Agent': 'python-requests/2.19.1', 'Accept-Encoding': 'gzip, deflate', 'Accept': '*/*', 'Connection': 'keep-alive', 'Authorization': 'Basic aGVsbG86d29ybGQ='}"
http://httpbin.org/cache/5,"{'User-Agent': 'python-requests/2.19.1', 'Accept-Encoding': 'gzip, deflate', 'Accept': '*/*', 'Connection': 'keep-alive', 'Authorization': 'Basic aGVsbG86ICA='}"
https://httpbin.org/get,"{'User-Agent': 'python-requests/2.19.1', 'Accept-Encoding': 'gzip, deflate', 'Accept': '*/*', 'Connection': 'keep-alive', 'Authorization': 'Basic aGVsbG86ICA='}"
https://httpbin.org/,"{'User-Agent': 'python-requests/2.19.1', 'Accept-Encoding': 'gzip, deflate', 'Accept': '*/*', 'Connection': 'keep-alive', 'Authorization': 'Basic dXNlcjp0ZXN0'}"
https://httpbin.org//foo/BAR,"{'User-Agent': 'python-requests/2.19.1', 'Accept-Encoding': 'gzip, deflate', 'Accept': '*/*', 'Connection': 'keep-alive', 'Authorization': 'Basic dXNlcjp0ZXN0'}"
https://httpbin.org/,"{'User-Agent': 'python-requests/2.19.1', 'Accept-Encoding': 'gzip, deflate', 'Accept': '*/*', 'Connection': 'keep-alive', 'Authorization': 'Basic dXNlcjp0ZXN0'}"
https://httpbin.org/,"{'User-Agent': 'python-requests/2.19.1', 'Accept-Encoding': 'gzip, deflate', 'Accept': '*/*', 'Connection': 'keep-alive', 'Authorization': 'Basic aGVsbG86d29ybGQ='}"
https://httpbin.org/,"{'User-Agent': 'python-requests/2.19.1', 'Accept-Encoding': 'gzip, deflate', 'Accept': '*/*', 'Connection': 'keep-alive', 'Authorization': 'Basic aGVsbG86ICA='}"
https://httpbin.org/5,"{'User-Agent': 'python-requests/2.19.1', 'Accept-Encoding': 'gzip, deflate', 'Accept': '*/*', 'Connection': 'keep-alive', 'Authorization': 'Basic dGVzdDp1c2Vycw=='}"
https://httpbin.org/get,"{'User-Agent': 'python-requests/2.19.1', 'Accept-Encoding': 'gzip, deflate', 'Accept': '*/*', 'Connection': 'keep-alive', 'Authorization': 'Basic dGVzdDp1c2Vycw=='}"
https://httpbin.org/,"{'User-Agent': 'python-requests/2.19.1', 'Accept-Encoding': 'gzip, deflate', 'Accept': '*/*', 'Connection': 'keep-alive', 'Authorization': 'Basic dGVzdDp1c2Vy'}"
https://httpbin.org/foo/BAR,"{'User-Agent': 'python-requests/2.19.1', 'Accept-Encoding': 'gzip, deflate', 'Accept': '*/*', 'Connection': 'keep-alive', 'Authorization': 'Basic dGVzdDp1c2Vy'}"
https://httpbin.org/,"{'User-Agent': 'python-requests/2.19.1', 'Accept-Encoding': 'gzip, deflate', 'Accept': '*/*', 'Connection': 'keep-alive', 'Authorization': 'Basic dGVzdDp1c2Vy'}"
https://httpbin.org/,"{'User-Agent': 'python-requests/2.19.1', 'Accept-Encoding': 'gzip, deflate', 'Accept': '*/*', 'Connection': 'keep-alive', 'Authorization': 'Basic aGVsbG86d29ybGQ='}"
https://httpbin.org/5,"{'User-Agent': 'python-requests/2.19.1', 'Accept-Encoding': 'gzip, deflate', 'Accept': '*/*', 'Connection': 'keep-alive', 'Authorization': 'Basic aGVsbG86ICA='}"
https://httpbin.org/get,"{'User-Agent': 'python-requests/2.19.1', 'Accept-Encoding': 'gzip, deflate', 'Accept': '*/*', 'Connection': 'keep-alive', 'Authorization': 'Basic aGVsbG86ICA='}"
https://www.google.com/,"{'User-Agent': 'python-requests/2.19.1', 'Accept-Encoding': 'gzip, deflate', 'Accept': '*/*', 'Connection': 'keep-alive'}"
https://google.com//foo/BAR,"{'User-Agent': 'python-requests/2.19.1', 'Accept-Encoding': 'gzip, deflate', 'Accept': '*/*', 'Connection': 'keep-alive'}"
https://www.google.com/,"{'User-Agent': 'python-requests/2.19.1', 'Accept-Encoding': 'gzip, deflate', 'Accept': '*/*', 'Connection': 'keep-alive'}"
https://www.google.com/,"{'User-Agent': 'python-requests/2.19.1', 'Accept-Encoding': 'gzip, deflate', 'Accept': '*/*', 'Connection': 'keep-alive'}"
https://www.google.com/,"{'User-Agent': 'python-requests/2.19.1', 'Accept-Encoding': 'gzip, deflate', 'Accept': '*/*', 'Connection': 'keep-alive'}"
https://google.com/5,"{'User-Agent': 'python-requests/2.19.1', 'Accept-Encoding': 'gzip, deflate', 'Accept': '*/*', 'Connection': 'keep-alive'}"
https://httpbin.org/get,"{'User-Agent': 'python-requests/2.19.1', 'Accept-Encoding': 'gzip, deflate', 'Accept': '*/*', 'Connection': 'keep-alive', 'Authorization': 'Basic dGVzdDp1c2Vycw=='}"
https://www.google.com/,"{'User-Agent': 'python-requests/2.19.1', 'Accept-Encoding': 'gzip, deflate', 'Accept': '*/*', 'Connection': 'keep-alive'}"
https://google.com/foo/BAR,"{'User-Agent': 'python-requests/2.19.1', 'Accept-Encoding': 'gzip, deflate', 'Accept': '*/*', 'Connection': 'keep-alive'}"
https://www.google.com/,"{'User-Agent': 'python-requests/2.19.1', 'Accept-Encoding': 'gzip, deflate', 'Accept': '*/*', 'Connection': 'keep-alive'}"
https://www.google.com/,"{'User-Agent': 'python-requests/2.19.1', 'Accept-Encoding': 'gzip, deflate', 'Accept': '*/*', 'Connection': 'keep-alive'}"
https://google.com/5,"{'User-Agent': 'python-requests/2.19.1', 'Accept-Encoding': 'gzip, deflate', 'Accept': '*/*', 'Connection': 'keep-alive'}"
https://httpbin.org/get,"{'User-Agent': 'python-requests/2.19.1', 'Accept-Encoding': 'gzip, deflate', 'Accept': '*/*', 'Connection': 'keep-alive', 'Authorization': 'Basic aGVsbG86ICA='}"
